{"code":401,"success":false,"message":"您还没有登录！","nowTime":1568875476}
{"code":401,"success":false,"message":"您还没有登录！","nowTime":1568875533}
{"code":401,"success":false,"message":"您还没有登录！","nowTime":1568875531}
{"code":401,"success":false,"message":"您还没有登录！","nowTime":1568875531}
{"code":401,"success":false,"message":"您还没有登录！","nowTime":1568875534}
{"code":401,"success":false,"message":"您还没有登录！","nowTime":1568875553}
{"code":401,"success":false,"message":"您还没有登录！","nowTime":1568875531}
{"code":401,"success":false,"message":"您还没有登录！","nowTime":1568875531}
{"code":401,"success":false,"message":"您还没有登录！","nowTime":1568875554}
{"code":401,"success":false,"message":"您还没有登录！","nowTime":1568875554}
{"code":401,"success":false,"message":"您还没有登录！","nowTime":1568875534}
{"code":200,"success":false,"message":"您已经签到，请勿重复操作!","nowTime":1568879001}
{"code":200,"success":false,"message":"您已经签到，请勿重复操作!","nowTime":1568879036}
{"code":200,"success":false,"message":"您已经签到，请勿重复操作!","nowTime":1568879033}
{"code":200,"success":false,"message":"您已经签到，请勿重复操作!","nowTime":1568879036}
{"code":200,"success":false,"message":"您已经签到，请勿重复操作!","nowTime":1568879036}
{"code":200,"success":false,"message":"您已经签到，请勿重复操作!","nowTime":1568879036}
{"code":200,"success":false,"message":"您已经签到，请勿重复操作!","nowTime":1568879034}
{"code":200,"success":false,"message":"您已经签到，请勿重复操作!","nowTime":1568879056}
{"code":200,"success":false,"message":"您已经签到，请勿重复操作!","nowTime":1568879034}
{"code":200,"success":false,"message":"您已经签到，请勿重复操作!","nowTime":1568879056}
{"code":200,"success":false,"message":"您已经签到，请勿重复操作!","nowTime":1568879036}
{"code":200,"success":false,"message":"您已经签到，请勿重复操作!","nowTime":1568879089}
{"code":200,"success":false,"message":"您已经签到，请勿重复操作!","nowTime":1568879067}
{"code":200,"success":false,"message":"您已经签到，请勿重复操作!","nowTime":1568879089}
{"code":200,"success":false,"message":"您已经签到，请勿重复操作!","nowTime":1568879070}
{"code":200,"success":false,"message":"您已经签到，请勿重复操作!","nowTime":1568879089}
{"code":200,"success":false,"message":"您已经签到，请勿重复操作!","nowTime":1568879070}
{"code":200,"success":false,"message":"您已经签到，请勿重复操作!","nowTime":1568879067}
{"code":200,"success":false,"message":"您已经签到，请勿重复操作!","nowTime":1568879070}
{"code":200,"success":false,"message":"您已经签到，请勿重复操作!","nowTime":1568879068}
{"code":200,"success":false,"message":"您已经签到，请勿重复操作!","nowTime":1568879068}
{"code":200,"success":false,"message":"您已经签到，请勿重复操作!","nowTime":1568879083}
{"code":200,"success":false,"message":"您已经签到，请勿重复操作!","nowTime":1568884399}
